Id,Tên trường,Loại hình cơ sở đào tạo,Loại trường,Cơ quan quản lý trực tiếp,Ký hiệu,Tên tiếng Anh,Website,"Tỉnh, thành phố",Được kiểm định bởi tổ chức kiểm định chất lượng giáo dục,Ngày cấp giấy chứng nhận kiểm định chất lượng,Ngày hết hạn giá trị của giấy chứng nhận kiểm định chất lượng
812,ĐẠI HỌC BÁCH KHOA HÀ NỘI,Đại học,Công lập,Bộ Giáo dục và Đào tạo,BKA,Hanoi University of Science and Technology,https://www.hust.edu.vn/,Hà Nội,HCERES,06/12/2017,06/12/2022
795,ĐẠI HỌC ĐÀ NẴNG,Đại học,Công lập,Bộ Giáo dục và Đào tạo,E,The University of Da Nang,http://www.udn.vn,Đà Nẵng,,,
699,ĐẠI HỌC HUẾ,Đại học,Công lập,Bộ Giáo dục và Đào tạo,D,Hue University,https://hueuni.edu.vn/,Thừa Thiên Huế,,,
820,ĐẠI HỌC KINH TẾ TP. HỒ CHÍ MINH,Đại học,Công lập,Bộ Giáo dục và Đào tạo,KSA,University of Economics Ho Chi Minh City,https://www.ueh.edu.vn/,TP. Hồ Chí Minh,VNU-HCM CEA,05/03/2017,05/03/2022
722,ĐẠI HỌC QUỐC GIA HÀ NỘI,Đại học,Công lập,,A,"Vietnam National University, Hanoi",https://www.vnu.edu.vn/,Hà Nội,,,
731,ĐẠI HỌC QUỐC GIA TP. HỒ CHÍ MINH,Đại học,Công lập,,C,"Vietnam National University, Ho Chi Minh City",https://vnuhcm.edu.vn/,TP. Hồ Chí Minh,,,
911,ĐẠI HỌC THÁI NGUYÊN,Đại học,Công lập,Bộ Giáo dục và Đào tạo,B,Thai Nguyen University,http://www.tnu.edu.vn/,Thái Nguyên,,,
875,ĐẠI HỌC Y DƯỢC TP. HỒ CHÍ MINH,Trường đại học,Công lập,Bộ Y tế,YDS,University of Medicine and Pharmacy at Ho Chi Minh City,https://ump.edu.vn/,TP. Hồ Chí Minh,VNU-HCM CEA,16/11/2017,16/11/2022
685,HỌC VIỆN ÂM NHẠC HUẾ,Học viện,Công lập,"Bộ Văn hóa, Thể thao và Du lịch",HVA,Hue Academy of Music,http://hocvienamnhachue.edu.vn/,Thừa Thiên Huế,,,
686,HỌC VIỆN ÂM NHẠC QUỐC GIA VIỆT NAM,Học viện,Công lập,"Bộ Văn hóa, Thể thao và Du lịch",NVH,Viet Nam National Academy of Music,https://www.vnam.edu.vn/,Hà Nội,,,
832,HỌC VIỆN BÁO CHÍ VÀ TUYÊN TRUYỀN,Học viện,Công lập,Học viện Chính trị Quốc gia Hồ Chí Minh,HBT,Academy of Journalism and Communication,https://ajc.hcma.vn/,Hà Nội,CEA-AVU&C,29/06/2018,29/06/2023
774,HỌC VIỆN CÁN BỘ THÀNH PHỐ HỒ CHÍ MINH,"Trường đào tạo, bồi dưỡng",Công lập,UBND TP. Hồ Chí Minh,HVC,Ho Chi Minh Cadre Academy,http://www.hocviencanbo.hochiminhcity.gov.vn/,TP. Hồ Chí Minh,,,
787,HỌC VIỆN CÔNG NGHỆ BƯU CHÍNH VIỄN THÔNG,Học viện,Công lập,Bộ Thông tin và Truyền thông,BVH,Posts and Telecommunications Institute of Technology,https://portal.ptit.edu.vn/,Hà Nội,CEA-AVU&C,01/09/2018,01/09/2023
948,HỌC VIỆN CHÍNH SÁCH VÀ PHÁT TRIỂN,Học viện,Công lập,Bộ Kế hoạch và Đầu tư,HCP,Academy of Policy and Development,http://apd.edu.vn/,Hà Nội,CEA-AVU&C,29/06/2018,29/06/2023
835,HỌC VIỆN CHÍNH TRỊ KHU VỰC I,"Trường đào tạo, bồi dưỡng",Công lập,Học viện Chính trị Quốc gia Hồ Chí Minh,HCC,Academy of Politics - Public Administration Region I,https://hcma1.hcma.vn,Hà Nội,,,
836,HỌC VIỆN CHÍNH TRỊ QUỐC GIA HỒ CHÍ MINH,"Trường đào tạo, bồi dưỡng",Công lập,Ban Chấp hành Trung ương Đảng cộng sản Việt Nam,HVH,Ho Chi Minh National Academy of Politics,https://hcma.vn,Hà Nội,,,
837,HỌC VIỆN DÂN TỘC,"Trường đào tạo, bồi dưỡng",Công lập,Ủy ban Dân tộc,HVD,Vietnam Academy for Ethnic Minorities,https://hvdt.edu.vn/,Hà Nội,,,
975,HỌC VIỆN HÀNG KHÔNG VIỆT NAM,Học viện,Công lập,Bộ Giao thông vận tải,HHK,Viet Nam Aviation Academy,https://vaa.edu.vn/,TP. Hồ Chí Minh,CEA-AVU&C,14/05/2018,14/05/2023
922,HỌC VIỆN HÀNH CHÍNH QUỐC GIA,"Trường đào tạo, bồi dưỡng",Công lập,Bộ Nội Vụ,HCH,National Academy of Public Administration,https://www1.napa.vn/,Hà Nội,,,
979,HỌC VIỆN KHOA HỌC VÀ CÔNG NGHỆ,"Trường đào tạo, bồi dưỡng",Công lập,Viện Hàn lâm Khoa học và Công nghệ Việt Nam,HKC,Vietnam Academy of Science and Technology,http://gust.edu.vn/,Hà Nội,,,
708,HỌC VIỆN KHOA HỌC XÃ HỘI,"Trường đào tạo, bồi dưỡng",Công lập,Viện Hàn lâm Khoa học Xã hội Việt Nam,HXH,Graduate Academy of Social Sciences,https://gass.edu.vn/,Hà Nội,,,
933,"HỌC VIỆN KHOA HỌC, CÔNG NGHỆ VÀ ĐỔI MỚI SÁNG TẠO","Trường đào tạo, bồi dưỡng",Công lập,Bộ Khoa học và Công nghệ,V24,Vietnam Institute of Science Technology and Innovation,http://visti.gov.vn/,Hà Nội,,,
687,HỌC VIỆN MÚA VIỆT NAM,Học viện,Công lập,"Bộ Văn hóa, Thể thao và Du lịch",CMH,Viet Nam Academy of Dance,https://www.vnad.edu.vn/,Hà Nội,,,
879,HỌC VIỆN NÔNG NGHIỆP VIỆT NAM,Học viện,Công lập,Bộ Nông nghiệp và Phát triển nông thôn,HVN,Vietnam National University of Agriculture,https://vnua.edu.vn/,Hà Nội,AVU&C,09/06/2017,09/06/2022
811,HỌC VIỆN NGÂN HÀNG,Học viện,Công lập,Ngân hàng Nhà nước Việt Nam,NHH,Banking Academy of Vietnam,https://www.hvnh.edu.vn/,Hà Nội,VNU-CEA,09/05/2017,09/05/2022
775,HỌC VIỆN NGOẠI GIAO,Học viện,Công lập,Bộ Ngoại giao,HQT,Diplomatic Academy of Viet Nam,https://dav.edu.vn,Hà Nội,VNU-CEA,03/12/2020,03/12/2025
802,HỌC VIỆN PHỤ NỮ VIỆT NAM,Học viện,Công lập,Trung ương Hội Liên hiệp Phụ nữ Việt Nam,HPN,Vietnam Women's Academy,http://hvpnvn.edu.vn/,Hà Nội,CEA-AVU&C,22/09/2020,22/09/2025
964,HỌC VIỆN QUẢN LÝ GIÁO DỤC,Học viện,Công lập,Bộ Giáo dục và Đào tạo,HVQ,National Institute of Education Management,http://naem.edu.vn/,Hà Nội,VNU-CEA,30/06/2018,30/06/2023
947,HỌC VIỆN TÀI CHÍNH,Học viện,Công lập,Bộ Tài chính,HTC,Academy of Finance,https://hvtc.edu.vn/,Hà Nội,CEA-AVU&C,20/02/2017,20/02/2022
788,HỌC VIỆN TOÀ ÁN,Học viện,Công lập,Toà án nhân dân tối cao,HTA,Vietnam Court Academy,http://hvta.toaan.gov.vn/,Hà Nội,,,
803,HỌC VIỆN THANH THIẾU NIÊN VIỆT NAM,Học viện,Công lập,Trung ương Đoàn Thanh niên Cộng sản Hồ Chí Minh,HTN,Vietnam Youth Academy,http://vya.edu.vn/,Hà Nội,,,
866,HỌC VIỆN Y DƯỢC HỌC CỔ TRUYỀN VIỆT NAM,Học viện,Công lập,Bộ Y tế,HYD,Viet Nam University Of Traditional Medicine & Pharmacy,http://vutm.edu.vn/,Hà Nội,CEA-AVU&C,14/05/2018,14/05/2023
688,NHẠC VIỆN TP. HỒ CHÍ MINH,Học viện,Công lập,"Bộ Văn hóa, Thể thao và Du lịch",NVS,Ho Chi Minh City Conservatory of Music,http://hcmcons.vn/,TP. Hồ Chí Minh,,,
1027,Trường Cao đẳng Bắc Kạn,Trường cao đẳng đào tạo ngành Giáo dục mầm non,Công lập,UBND tỉnh Bắc Kạn,C11,Bac Kan College,http://cdbk.edu.vn/,Bắc Kạn,,,
1028,Trường Cao đẳng Bến Tre,Trường cao đẳng đào tạo ngành Giáo dục mầm non,Công lập,UBND tỉnh Bến Tre,C56,BenTre College,http://www.cdbt.edu.vn/,Bến Tre,,,
1029,Trường Cao đẳng Bình Định,Trường cao đẳng đào tạo ngành Giáo dục mầm non,Công lập,UBND tỉnh Bình Định,C37,BinhDinh College,http://www.cdbd.edu.vn/,Bình Định,,,
1030,Trường Cao đẳng Bình Phước,Trường cao đẳng đào tạo ngành Giáo dục mầm non,Công lập,UBND tỉnh Bình Phước,C43,BinhPhuoc College,https://cdbp.edu.vn/,Bình Phước,,,
1031,Trường Cao đẳng Cần Thơ,Trường cao đẳng đào tạo ngành Giáo dục mầm non,Công lập,UBND tỉnh Cần Thơ,C55,Can Tho College,http://cdct.edu.vn,Cần Thơ,,,
1032,Trường Cao đẳng Cộng đồng Bình Thuận,Trường cao đẳng đào tạo ngành Giáo dục mầm non,Công lập,UBND tỉnh Bình Thuận,C47,Binh Thuan Community College,https://btu.edu.vn/,Bình Thuận,,,
1033,Trường Cao đẳng Cộng đồng Cà Mau,Trường cao đẳng đào tạo ngành Giáo dục mầm non,Công lập,UBND tỉnh Cà Mau,D61,Ca Mau Community College,https://caodangcongdong.camau.gov.vn/,Cà Mau,,,
1034,Trường Cao đẳng Cộng đồng Hà Nội,Trường cao đẳng đào tạo ngành Giáo dục mầm non,Công lập,UBND TP. Hà Nội,CHN,Hanoi Community College,https://chn.edu.vn/,Hà Nội,,,
1035,Trường Cao đẳng Cộng đồng Hậu Giang,Trường cao đẳng đào tạo ngành Giáo dục mầm non,Công lập,UBND tỉnh Hậu Giang,D64,Hau Giang Community College,https://www.hgcc.edu.vn/,Hậu Giang,,,
1036,Trường Cao đẳng Cộng đồng Hưng Yên,Trường cao đẳng đào tạo ngành Giáo dục mầm non,Công lập,UBND tỉnh Hưng Yên,C22,Hung Yen Community College,https://www.hycc.edu.vn/,Hưng Yên,,,
1037,Trường Cao đẳng Cộng đồng Kon Tum,Trường cao đẳng đào tạo ngành Giáo dục mầm non,Công lập,UBND tỉnh Kon Tum,C36,KonTum Community College,https://ktcc.edu.vn/,Kon Tum,,,
1038,Trường Cao đẳng Cộng đồng Lai Châu,Trường cao đẳng đào tạo ngành Giáo dục mầm non,Công lập,UBND tỉnh Lai Châu,CLC,Laichau Community College,http://cdcdlaichau.edu.vn/,Lai Châu,,,
1039,Trường Cao đẳng Cộng đồng Sóc Trăng,Trường cao đẳng đào tạo ngành Giáo dục mầm non,Công lập,UBND tỉnh Sóc Trăng,CST,SocTrang Community College,http://www.stcc.edu.vn/,Sóc Trăng,,,
1040,Trường Cao đẳng Cộng đồng Vĩnh Long,Trường cao đẳng đào tạo ngành Giáo dục mầm non,Công lập,UBND tỉnh Vĩnh Long,D57,Vinh Long Community College,https://www.vlcc.edu.vn/,Vĩnh Long,,,
861,TRƯỜNG CAO ĐẲNG ĐÀ LẠT,Trường cao đẳng đào tạo ngành Giáo dục mầm non,Công lập,UBND tỉnh Lâm Đồng,C42,Da Lat College of Education,https://cddl.edu.vn/,Lâm Đồng,CEA-UD,03/11/2021,03/11/2026
896,Trường Cao đẳng Đại Việt Sài Gòn,Cao đẳng,Tư thục,,0219,DAI VIET SAI GON COLLEGE,https://daivietsaigon.edu.vn/,TP. Hồ Chí Minh,,,
1041,Trường Cao đẳng Hải Dương,Trường cao đẳng đào tạo ngành Giáo dục mầm non,Công lập,UBND tỉnh Hải Dương,C21,HaiDuong College,https://caodanghaiduong.edu.vn/,Hải Dương,,,
1042,Trường Cao đẳng Ngô Gia Tự Bắc Giang,Trường cao đẳng đào tạo ngành Giáo dục mầm non,Công lập,UBND tỉnh Bắc Giang,C18,Ngo Gia Tu College Bacgiang,https://cdngogiatubacgiang.edu.vn/,Bắc Giang,,,
1043,Trường Cao đẳng Sơn La,Trường cao đẳng đào tạo ngành Giáo dục mầm non,Công lập,UBND tỉnh Sơn La,C14,Son La Colleege,http://www.cdsonla.edu.vn/,Sơn La,,,
890,TRƯỜNG CAO ĐẲNG SƯ PHẠM BÀ RỊA-VŨNG TÀU,Trường cao đẳng sư phạm,Công lập,UBND tỉnh Bà Rịa - Vũng tàu,C52,Ba Ria - Vung Tau Teacher Training College,http://www.cdspbrvt.edu.vn/,Bà Rịa - Vũng Tàu,VNU-HCM CEA,21/03/2022,21/03/2027
771,TRƯỜNG CAO ĐẲNG SƯ PHẠM BẮC NINH,Trường cao đẳng sư phạm,Công lập,UBND tỉnh Bắc Ninh,C19,Bac Ninh Teacher Training College,http://cdspbacninh.edu.vn/,Bắc Ninh,CEA-AVU&C,03/06/2020,03/06/2025
772,TRƯỜNG CAO ĐẲNG SƯ PHẠM CAO BẰNG,Trường cao đẳng sư phạm,Công lập,UBND tỉnh Cao Bằng,C06,Cao Bang College of Education,https://www.caodangsuphamcaobang.edu.vn/,Cao Bằng,,,
862,TRƯỜNG CAO ĐẲNG SƯ PHẠM ĐẮK LẮK,Trường cao đẳng sư phạm,Công lập,UBND tỉnh Đắk Lắk,C40,Dak Lak College of Pedagogy,http://www.dlc.edu.vn/,Đắk Lắk,,,
971,TRƯỜNG CAO ĐẲNG SƯ PHẠM ĐIỆN BIÊN,Trường cao đẳng sư phạm,Công lập,UBND tỉnh Điện Biên,C62,Dien Bien Teachers’ Training College,http://cdspdienbien.edu.vn/,Điện Biên,CEA-AVU&C,26/09/2019,26/09/2024
910,TRƯỜNG CAO ĐẲNG SƯ PHẠM GIA LAI,Trường cao đẳng sư phạm,Công lập,UBND tỉnh Gia Lai,C38,Gia Lai Junior College of Education,http://cdspgialai.edu.vn/,Gia Lai,,,
972,TRƯỜNG CAO ĐẲNG SƯ PHẠM HÀ GIANG,Trường cao đẳng sư phạm,Công lập,UBND tỉnh Hà Giang,C05,Ha Giang Teacher Training College,https://cdsphagiang.edu.vn/,Hà Giang,,,
828,TRƯỜNG CAO ĐẲNG SƯ PHẠM HÀ TÂY,Trường cao đẳng sư phạm,Công lập,UBND TP. Hà Nội,C20,Ha Tay Teacher Training College,http://www.cdsphthn.edu.vn/,Hà Nội,,,
773,TRƯỜNG CAO ĐẲNG SƯ PHẠM HOÀ BÌNH,Trường cao đẳng sư phạm,Công lập,UBND tỉnh Hoà Bình,C23,Hoa Binh Teacher Training College,https://cdsphoabinh.edu.vn/,Hoà Bình,VNU-CEA,20/08/2020,20/08/2025
961,TRƯỜNG CAO ĐẲNG SƯ PHẠM KIÊN GIANG,Trường cao đẳng sư phạm,Công lập,UBND tỉnh Kiên Giang,C54,Kien Giang Teacher Training College,https://www.cdspkg.edu.vn/,Kiên Giang,VNU-HCM CEA,08/12/2019,08/12/2024
973,TRƯỜNG CAO ĐẲNG SƯ PHẠM LẠNG SƠN,Trường cao đẳng sư phạm,Công lập,UBND tỉnh Lạng Sơn,C10,Lang Son College of Education,http://lce.edu.vn/,Lạng Sơn,,,
962,TRƯỜNG CAO ĐẲNG SƯ PHẠM LONG AN,Trường cao đẳng sư phạm,Công lập,UBND tỉnh Long An,C49,Long An Teacher Training College,http://caodangsuphamlongan.edu.vn/,Long An,,,
829,TRƯỜNG CAO ĐẲNG SƯ PHẠM NAM ĐỊNH,Trường cao đẳng sư phạm,Công lập,UBND tỉnh Nam Định,C25,Nam Dinh College of Education,http://www.cdspnd.edu.vn/,Nam Định,VNU- CEA,30/06/2018,30/06/2023
863,TRƯỜNG CAO ĐẲNG SƯ PHẠM NGHỆ AN,Trường cao đẳng sư phạm,Công lập,UBND tỉnh Nghệ An,C29,Nghe An Teacher Training College,http://www.cdspna.edu.vn/,Nghệ An,VU-CEA,26/08/2019,26/08/2024
864,TRƯỜNG CAO ĐẲNG SƯ PHẠM QUẢNG TRỊ,Trường cao đẳng sư phạm,Công lập,UBND tỉnh Quảng Trị,C32,Quang Tri Teacher Training College,http://www.qtttc.edu.vn/,Quảng Trị,,,
830,TRƯỜNG CAO ĐẲNG SƯ PHẠM TÂY NINH,Trường cao đẳng sư phạm,Công lập,UBND tỉnh Tây Ninh,C46,Tay Ninh College of Education,http://cdsptayninh.edu.vn/,Tây Ninh,,,
865,TRƯỜNG CAO ĐẲNG SƯ PHẠM THÁI BÌNH,Trường cao đẳng sư phạm,Công lập,UBND tỉnh Thái Bình,C26,Thai Binh College of Education,http://www.cdsptb.edu.vn/,Thái Bình,,,
786,TRƯỜNG CAO ĐẲNG SƯ PHẠM THỪA THIÊN HUẾ,Trường cao đẳng sư phạm,Công lập,UBND tỉnh Thừa Thiên Huế,C33,Thua Thien Hue College of Education,https://cdsphue.edu.vn/,Thừa Thiên Huế,CEA-UD,20/02/2020,20/02/2025
849,TRƯỜNG CAO ĐẲNG SƯ PHẠM TRUNG ƯƠNG,Trường cao đẳng sư phạm,Công lập,Bộ Giáo dục và Đào tạo,CM1,National College of Education,http://cdsptw.edu.vn/,Hà Nội,VNU- CEA,09/07/2017,09/07/2022
850,TRƯỜNG CAO ĐẲNG SƯ PHẠM TRUNG ƯƠNG NHA TRANG,Trường cao đẳng sư phạm,Công lập,Bộ Giáo dục và Đào tạo,CM2,Nha Trang - National College of Pedagogy,http://sptwnt.edu.vn/,Khánh Hoà,CEA-UD,25/05/2018,24/05/2023
851,TRƯỜNG CAO ĐẲNG SƯ PHẠM TRUNG ƯƠNG TP.HỒ CHÍ MINH,Trường cao đẳng sư phạm,Công lập,Bộ Giáo dục và Đào tạo,CM3,"National College of Education, Ho Chi Minh City",http://www.cdsptw-tphcm.vn/,TP. Hồ Chí Minh,,,
974,TRƯỜNG CAO ĐẲNG SƯ PHẠM YÊN BÁI,Trường cao đẳng sư phạm,Công lập,UBND tỉnh Yên Bái,C13,Yen Bai College of Education,https://suphamyenbai.edu.vn/,Yên Bái,,,
1044,Trường Cao đẳng Vĩnh Long,Trường cao đẳng đào tạo ngành Giáo dục mầm non,Công lập,UBND tỉnh Vĩnh Long,C57,Vinh Long College,http://cdvl.edu.vn/,Vĩnh Long,,,
1045,Trường Cao đẳng Vĩnh Phúc,Trường cao đẳng đào tạo ngành Giáo dục mầm non,Công lập,UBND tỉnh Vĩnh Phúc,C16,Vinh Phuc College,http://caodangvinhphuc.edu.vn/,Vĩnh Phúc,,,
732,TRƯỜNG ĐẠI HỌC AN GIANG - ĐẠI HỌC QUỐC GIA TP. HỒ CHÍ MINH,Trường đại học,Công lập,,TAG,VNUHCM - An Giang University,https://www.agu.edu.vn/,An Giang,VNU-HCM CEA,16/03/2018,16/03/2023
710,TRƯỜNG ĐẠI HỌC ANH QUỐC - VIỆT NAM,Trường đại học,Nước ngoài,Nước ngoài,BUV,British University Viet Nam,https://www.buv.edu.vn/,Hà Nội,,,
776,TRƯỜNG ĐẠI HỌC BÀ RỊA - VŨNG TÀU,Trường đại học,Tư thục,Bộ Giáo dục và Đào tạo,BVU,Ba Ria - Vung Tau University,https://bvu.edu.vn/,Bà Rịa - Vũng Tàu,CEA-AVU&C,16/09/2019,16/09/2024
852,TRƯỜNG ĐẠI HỌC BẠC LIÊU,Trường đại học,Công lập,UBND tỉnh Bạc Liêu,DBL,Bac Lieu University,https://blu.edu.vn/,Bạc Liêu,,,
733,TRƯỜNG ĐẠI HỌC BÁCH KHOA - ĐẠI HỌC QUỐC GIA TP. HỒ CHÍ MINH,Trường đại học,Công lập,,QSB,VNUHCM - University of Technology,http://www.hcmut.edu.vn/,TP. Hồ Chí Minh,HCERES và AUN-QA,06/12/2017 (HCERES) và 10/10/2017 (AUN-QA),06/12/2022 (HCERES) và 10/09/2022 (AUN-QA)
796,"TRƯỜNG ĐẠI HỌC BÁCH KHOA, ĐẠI HỌC ĐÀ NẴNG",Trường đại học,Công lập,Bộ Giáo dục và Đào tạo,DDK,University of Science and Technology - The University of Da Nang,http://dut.udn.vn/,Đà Nẵng,HCERES,06/12/2017,06/12/2022
930,TRƯỜNG ĐẠI HỌC BÌNH DƯƠNG,Trường đại học,Tư thục,Bộ Giáo dục và Đào tạo,DBD,Binh Duong University,https://www.bdu.edu.vn/,Bình Dương,CEA-UD,15/06/2018,14/06/2023
867,TRƯỜNG ĐẠI HỌC CẦN THƠ,Trường đại học,Công lập,Bộ Giáo dục và Đào tạo,TCT,Can Tho University,https://www.ctu.edu.vn/,Cần Thơ,VNU-HCM CEA,20/04/2018,20/04/2023
967,TRƯỜNG ĐẠI HỌC CMC,Trường đại học,Tư thục,Bộ Giáo dục và Đào tạo,MCA,Asia University of Art & Design,https://cmc-u.edu.vn/,Hà Nội,,,
804,TRƯỜNG ĐẠI HỌC CÔNG ĐOÀN,Trường đại học,Công lập,Tổng Liên đoàn Lao động Việt Nam,LDA,Trade Union University,http://www.dhcd.edu.vn/,Hà Nội,VNU-CEA,30/06/2018,30/06/2023
724,TRƯỜNG ĐẠI HỌC CÔNG NGHỆ - ĐẠI HỌC QUỐC GIA HÀ NỘI,Trường đại học,Công lập,,QHI,VNU University of Engineering and Technology,https://uet.vnu.edu.vn/,Hà Nội,VNU-HCM CEA,17/11/2021,17/11/2021
935,TRƯỜNG ĐẠI HỌC CÔNG NGHỆ ĐỒNG NAI,Trường đại học,Tư thục,Bộ Giáo dục và Đào tạo,DCD,Dong Nai University of Technology,https://dntu.edu.vn/,Đồng Nai,VNU-CEA,30/06/2018,30/06/2023
934,TRƯỜNG ĐẠI HỌC CÔNG NGHỆ ĐÔNG Á,Trường đại học,Tư thục,Bộ Giáo dục và Đào tạo,DDA,East Asia University of Technology,https://eaut.edu.vn/,Bắc Ninh,VNU-CEA,02/12/2022,02/12/2027
976,TRƯỜNG ĐẠI HỌC CÔNG NGHỆ GIAO THÔNG VẬN TẢI,Trường đại học,Công lập,Bộ Giao thông vận tải,GTA,University of Transport Technology,https://utt.edu.vn/,Hà Nội,CEA-AVU&C,20/02/2017,20/02/2022
897,TRƯỜNG ĐẠI HỌC CÔNG NGHỆ MIỀN ĐÔNG,Trường đại học,Tư thục,Bộ Giáo dục và Đào tạo,DMD,Mien Dong University of Technology,https://www.mut.edu.vn/,Đồng Nai,VU-CEA,22/01/2020,22/01/2025
936,TRƯỜNG ĐẠI HỌC CÔNG NGHỆ SÀI GÒN,Trường đại học,Dân lập,Bộ Giáo dục và Đào tạo,DSG,Saigon Technology University,https://www.stu.edu.vn/,TP. Hồ Chí Minh,VNU-HCM CEA,06/04/2018,06/04/2023
937,TRƯỜNG ĐẠI HỌC CÔNG NGHỆ TP. HỒ CHÍ MINH,Trường đại học,Tư thục,Bộ Giáo dục và Đào tạo,DKC,Ho Chi Minh City University of Technology,https://www.hutech.edu.vn/,TP. Hồ Chí Minh,CEA-UD,15/11/2018,14/11/2023
734,TRƯỜNG ĐẠI HỌC CÔNG NGHỆ THÔNG TIN - ĐẠI HỌC QUỐC GIA TP. HỒ CHÍ MINH,Trường đại học,Công lập,,QSC,VNUHCM - University of Information Technology,https://www.uit.edu.vn/,TP. Hồ Chí Minh,VNU-CEA,04/12/2017,04/12/2022
801,"TRƯỜNG ĐẠI HỌC CÔNG NGHỆ THÔNG TIN VÀ TRUYỀN THÔNG VIỆT HÀN, ĐẠI HỌC ĐÀ NẴNG",Trường đại học,Công lập,Bộ Giáo dục và Đào tạo,VKU,Vietnam - Korea University of Information and Communication Technology - The University of Da Nang,http://vku.udn.vn/,Đà Nẵng,,,
912,"TRƯỜNG ĐẠI HỌC CÔNG NGHỆ THÔNG TIN VÀ TRUYỀN THÔNG, ĐẠI HỌC THÁI NGUYÊN",Trường đại học,Công lập,Bộ Giáo dục và Đào tạo,DTC,University of Information and Communication Technology - Thai Nguyen University,https://ictu.edu.vn/,Thái Nguyên,CEA-AVU&C,20/02/2017,20/02/2022
938,TRƯỜNG ĐẠI HỌC CÔNG NGHỆ VÀ QUẢN LÝ HỮU NGHỊ,Trường đại học,Tư thục,Bộ Giáo dục và Đào tạo,DCQ,University of Technology and Management,https://utm.edu.vn/,Hà Nội,CEA-AVU&C,29/06/2018,29/06/2023
881,TRƯỜNG ĐẠI HỌC CÔNG NGHỆ VẠN XUÂN,Trường đại học,Tư thục,Bộ Giáo dục và Đào tạo,DVX,Van Xuan University of Technology,https://www.vxut.edu.vn/,Nghệ An,,,
751,TRƯỜNG ĐẠI HỌC CÔNG NGHIỆP DỆT MAY HÀ NỘI,Trường đại học,Công lập,Tập đoàn Dệt may Việt Nam,CCM,Hanoi Industrial Textile Garment University,http://hict.edu.vn/,Hà Nội,CEA-AVU&C,04/5/2022,04/5/2027
813,TRƯỜNG ĐẠI HỌC CÔNG NGHIỆP HÀ NỘI,Trường đại học,Công lập,Bộ Công Thương,DCN,Hanoi University of Industry,http://www.haui.edu.vn/,Hà Nội,VNU-CEA,09/07/2017,09/07/2022
805,TRƯỜNG ĐẠI HỌC CÔNG NGHIỆP QUẢNG NINH,Trường đại học,Công lập,Bộ Công Thương,DDM,Quang Ninh University of Industry,https://qui.edu.vn/,Quảng Ninh,,,
814,TRƯỜNG ĐẠI HỌC CÔNG NGHIỆP TP. HỒ CHÍ MINH,Trường đại học,Công lập,Bộ Công Thương,HUI,Industrial University of Ho Chi Minh City,http://iuh.edu.vn/,TP. Hồ Chí Minh,VNU-HCM CEA,09/12/2016,09/12/2021
893,TRƯỜNG ĐẠI HỌC CÔNG NGHIỆP VIỆT - HUNG,Trường đại học,Công lập,Bộ Công Thương,VHD,Viet Nam - Hungary Industrial University,http://viu.edu.vn/,Hà Nội,CEA-AVU&C,26/05/2021,26/05/2026
894,TRƯỜNG ĐẠI HỌC CÔNG NGHIỆP VIỆT TRÌ,Trường đại học,Công lập,Bộ Công Thương,VUI,Viet Tri University of Industry,http://www.vui.edu.vn/,Phú Thọ,CEA-AVU&C,29/06/2018,29/06/2023
777,TRƯỜNG ĐẠI HỌC CÔNG NGHIỆP VINH,Trường đại học,Tư thục,Bộ Giáo dục và Đào tạo,DCV,Industrial University of Vinh,http://www.iuv.edu.vn/,Nghệ An,,,
939,TRƯỜNG ĐẠI HỌC CÔNG THƯƠNG TP. HỒ CHÍ MINH,Trường đại học,Công lập,Bộ Công Thương,DCT,Ho Chi Minh City University of Food Industry,https://huit.edu.vn/,TP. Hồ Chí Minh,VNU-HCM CEA,05/03/2017,05/03/2022
815,TRƯỜNG ĐẠI HỌC CỬU LONG,Trường đại học,Tư thục,Bộ Giáo dục và Đào tạo,DCL,Cuu Long University,http://mku.edu.vn/,Vĩnh Long,CEA-UD,25/05/2018,24/05/2023
880,TRƯỜNG ĐẠI HỌC CHU VĂN AN,Trường đại học,Tư thục,Bộ Giáo dục và Đào tạo,DCA,Chu Van An University,https://cvauni.edu.vn/,Hưng Yên,,,
778,TRƯỜNG ĐẠI HỌC DẦU KHÍ VIỆT NAM,Trường đại học,Công lập,Tập đoàn Dầu khí Quốc gia Việt Nam,PVU,PetroVietnam University,https://www.pvu.edu.vn/,Bà Rịa - Vũng Tàu,CEA-AVU&C,04/06/2020,04/06/2025
816,TRƯỜNG ĐẠI HỌC DÂN LẬP PHƯƠNG ĐÔNG,Trường đại học,Dân lập,Bộ Giáo dục và Đào tạo,DPD,Phuong Dong University,http://phuongdong.edu.vn/,Hà Nội,,,
780,TRƯỜNG ĐẠI HỌC DUY TÂN,Trường đại học,Tư thục,Bộ Giáo dục và Đào tạo,DDT,Duy Tan University,https://duytan.edu.vn/,Đà Nẵng,CEA-AVU&C,20/02/2017,20/02/2022
869,TRƯỜNG ĐẠI HỌC DƯỢC HÀ NỘI,Trường đại học,Công lập,Bộ Y tế,DKH,Hanoi University of Pharmacy,http://hup.edu.vn/,Hà Nội,VNU-CEA,30/03/2018,30/03/2023
980,TRƯỜNG ĐẠI HỌC ĐÀ LẠT,Trường đại học,Công lập,Bộ Giáo dục và Đào tạo,TDL,Da Lat University,https://dlu.edu.vn/,Lâm Đồng,VNU-HCM CEA,23/07/2019,23/07/2024
940,TRƯỜNG ĐẠI HỌC ĐẠI NAM,Trường đại học,Tư thục,Bộ Giáo dục và Đào tạo,DDN,Dai Nam University,http://www.dainam.edu.vn/,Hà Nội,CEA-AVU&C,18/11/2019,18/11/2024
779,TRƯỜNG ĐẠI HỌC ĐIỆN LỰC,Trường đại học,Công lập,Bộ Công Thương,DDL,Electric Power University,https://www.epu.edu.vn/,Hà Nội,VNU-CEA,30/06/2018,30/06/2023
868,TRƯỜNG ĐẠI HỌC ĐIỀU DƯỠNG NAM ĐỊNH,Trường đại học,Công lập,Bộ Y tế,YDD,Nam Dinh University of Nursing,https://ndun.edu.vn/,Nam Định,CEA-AVU&C,14/02/2020,14/02/2025
842,TRƯỜNG ĐẠI HỌC ĐỒNG NAI,Trường đại học,Công lập,UBND tỉnh Đồng Nai,DNU,Dong Nai University,http://www.dnpu.edu.vn/,Đồng Nai,,,
689,TRƯỜNG ĐẠI HỌC ĐỒNG THÁP,Trường đại học,Công lập,Bộ Giáo dục và Đào tạo,SPD,Dong Thap University,https://www.dthu.edu.vn/,Đồng Tháp,VNU-CEA,09/08/2017,09/08/2022
941,TRƯỜNG ĐẠI HỌC ĐÔNG Á,Trường đại học,Tư thục,Bộ Giáo dục và Đào tạo,DAD,Dong A University,https://donga.edu.vn/,Đà Nẵng,CEA-AVU&C,05/08/2018,05/08/2023
898,TRƯỜNG ĐẠI HỌC ĐÔNG ĐÔ,Trường đại học,Tư thục,Bộ Giáo dục và Đào tạo,DDD,Dong Do University,http://www.hdiu.edu.vn/,Hà Nội,,,
942,TRƯỜNG ĐẠI HỌC FPT,Trường đại học,Tư thục,Bộ Giáo dục và Đào tạo,FPT,FPT University,https://daihoc.fpt.edu.vn/,Hà Nội,VU-CEA,08/08/2019,08/08/2024
739,TRƯỜNG ĐẠI HỌC FULBRIGHT VIỆT NAM,Trường đại học,Nước ngoài,Nước ngoài,FUV,Fulbright University Vietnam,https://fulbright.edu.vn/,TP. Hồ Chí Minh,,,
789,TRƯỜNG ĐẠI HỌC GIA ĐỊNH,Trường đại học,Tư thục,Bộ Giáo dục và Đào tạo,DCG,Gia Dinh University,https://giadinh.edu.vn/,TP. Hồ Chí Minh,CEA-AVU&C,24/05/2021,24/05/2026
725,TRƯỜNG ĐẠI HỌC GIÁO DỤC - ĐẠI HỌC QUỐC GIA HÀ NỘI,Trường đại học,Công lập,,QHS,VNU University of Education,http://education.vnu.edu.vn/,Hà Nội,VNU-HCM CEA,17/11/2016,17/11/2021
978,TRƯỜNG ĐẠI HỌC GIAO THÔNG VẬN TẢI,Trường đại học,Công lập,Bộ Giáo dục và Đào tạo,GHA,University of Transport and Communications,https://www.utc.edu.vn/,Hà Nội,VNU-CEA,23/03/2016,23/03/2021
977,TRƯỜNG ĐẠI HỌC GIAO THÔNG VẬN TẢI TP. HỒ CHÍ MINH,Trường đại học,Công lập,Bộ Giao thông vận tải,GTS,Ho Chi Minh City University of Transport,https://ut.edu.vn/,TP. Hồ Chí Minh,VNU-HCM CEA,05/03/2017,05/03/2022
943,TRƯỜNG ĐẠI HỌC HÀ HOA TIÊN,Trường đại học,Tư thục,Bộ Giáo dục và Đào tạo,DHH,Ha Hoa Tien University,,Hà Nam,,,
944,TRƯỜNG ĐẠI HỌC HẠ LONG,Trường đại học,Công lập,UBND tỉnh Quảng Ninh,HLU,Ha Long University,https://uhl.edu.vn/,Quảng Ninh,VU-CEA,18/05/2021,18/05/2026
870,TRƯỜNG ĐẠI HỌC HÀ NỘI,Trường đại học,Công lập,Bộ Giáo dục và Đào tạo,NHF,Hanoi University,https://www.hanu.vn/,Hà Nội,CEA-AVU&C,22/12/2017,22/12/2022
891,TRƯỜNG ĐẠI HỌC HÀ TĨNH,Trường đại học,Công lập,UBND tỉnh Hà Tĩnh,HHT,Ha Tinh University,http://www.htu.edu.vn/,Hà Tĩnh,VNU-CEA,30/06/2018,30/06/2023
949,TRƯỜNG ĐẠI HỌC HẢI DƯƠNG,Trường đại học,Công lập,UBND tỉnh Hải Dương,DKT,University of Hai Duong,http://uhd.edu.vn/,Hải Dương,CEA-AVU&C,26/05/2021,26/05/2026
806,TRƯỜNG ĐẠI HỌC HẢI PHÒNG,Trường đại học,Công lập,UBND TP. Hải Phòng,THP,Hai Phong University,https://dhhp.edu.vn/,Hải Phòng,CEA-AVU&C,29/06/2018,29/06/2023
986,TRƯỜNG ĐẠI HỌC HÀNG HẢI VIỆT NAM,Trường đại học,Công lập,Bộ Giao thông vận tải,HHA,Vietnam Maritime University,http://www.vimaru.edu.vn/,Hải Phòng,VNU-CEA,30/03/2018,30/03/2023
817,TRƯỜNG ĐẠI HỌC HOÀ BÌNH,Trường đại học,Tư thục,Bộ Giáo dục và Đào tạo,ETU,Peace University,http://daihochoabinh.edu.vn/,Hà Nội,VNU-CEA,30/03/2018,30/03/2023
950,TRƯỜNG ĐẠI HỌC HOA LƯ,Trường đại học,Công lập,UBND tỉnh Ninh Bình,DNB,Hoa Lu University,http://hluv.edu.vn/,Ninh Bình,VU-CEA,08/10/2020,08/10/2025
951,TRƯỜNG ĐẠI HỌC HOA SEN,Trường đại học,Tư thục,Bộ Giáo dục và Đào tạo,HSU,Hoa Sen University,https://www.hoasen.edu.vn/,TP. Hồ Chí Minh,CEA-AVU&C,14/02/2020,14/02/2025
740,TRƯỜNG ĐẠI HỌC HỒNG ĐỨC,Trường đại học,Công lập,UBND tỉnh Thanh Hoá,HDT,Hong Duc University,http://www.hdu.edu.vn/,Thanh Hóa,VNU-CEA,09/06/2017,09/06/2022
899,TRƯỜNG ĐẠI HỌC HÙNG VƯƠNG,Trường đại học,Công lập,UBND tỉnh Phú Thọ,THV,Hung Vuong University,https://www.hvu.edu.vn/,Phú Thọ,CEA-AVU&C,14/5/2018,14/5/2023
853,TRƯỜNG ĐẠI HỌC HÙNG VƯƠNG - TP. HỒ CHÍ MINH,Trường đại học,Tư thục,Bộ Giáo dục và Đào tạo,DHV,Hung Vuong University Ho Chi Minh City,https://hvuh.edu.vn/,TP. Hồ Chí Minh,CEA-AVU&C,19/01/2023,19/01/2028
790,TRƯỜNG ĐẠI HỌC KIỂM SÁT HÀ NỘI,Trường đại học,Công lập,Viện Kiểm sát nhân dân tối cao,DKS,Hanoi Procuratorate University,https://tks.edu.vn/,Hà Nội,,,
883,TRƯỜNG ĐẠI HỌC KIẾN TRÚC ĐÀ NẴNG,Trường đại học,Tư thục,Bộ Giáo dục và Đào tạo,KTD,Danang Architecture University,https://dau.edu.vn/,Đà Nẵng,CEA-AVU&C,14/05/2018,14/05/2023
884,TRƯỜNG ĐẠI HỌC KIẾN TRÚC HÀ NỘI,Trường đại học,Công lập,Bộ Xây dựng,KTA,Hanoi Achitectural University,http://hau.edu.vn/,Hà Nội,CEA-AVU&C,01/03/2018,01/03/2023
885,TRƯỜNG ĐẠI HỌC KIẾN TRÚC TP. HỒ CHÍ MINH,Trường đại học,Công lập,Bộ Xây dựng,KTS,University of Architecture Ho Chi Minh City,http://www.uah.edu.vn/,TP. Hồ Chí Minh,CEA-UD,22/02/2021,22/02/2026
781,TRƯỜNG ĐẠI HỌC KIÊN GIANG,Trường đại học,Công lập,Bộ Giáo dục và Đào tạo,TKG,Kien Giang University,https://www.vnkgu.edu.vn/,Kiên Giang,CEA-UD,20/7/2022,20/7/2027
818,TRƯỜNG ĐẠI HỌC KINH BẮC,Trường đại học,Tư thục,Bộ Giáo dục và Đào tạo,UKB,Kinh Bac University,http://ukb.edu.vn/,Bắc Ninh,,,
791,TRƯỜNG ĐẠI HỌC KINH DOANH VÀ CÔNG NGHỆ HÀ NỘI,Trường đại học,Tư thục,Bộ Giáo dục và Đào tạo,DQK,Hanoi University of Business and Technology,http://hubt.edu.vn/,Hà Nội,CEA-AVU&C,04/5/2022,04/5/2027
860,TRƯỜNG ĐẠI HỌC KINH TẾ - CÔNG NGHỆ THÁI NGUYÊN,Trường đại học,Tư thục,Bộ Giáo dục và Đào tạo,DVB,Viet Bac University,http://tuetech.edu.vn/,Thái Nguyên,CEA-UD,16/06/2018,15/06/2023
728,TRƯỜNG ĐẠI HỌC KINH TẾ - ĐẠI HỌC QUỐC GIA HÀ NỘI,Trường đại học,Công lập,,QHE,VNU University of Economics and Business,http://ueb.edu.vn/,Hà Nội,VNU-HCM CEA,09/09/2016,09/09/2021
854,TRƯỜNG ĐẠI HỌC KINH TẾ - KỸ THUẬT BÌNH DƯƠNG,Trường đại học,Tư thục,Bộ Giáo dục và Đào tạo,DKB,Binh Duong Economics and Technology University,https://ktkt.edu.vn/,Bình Dương,CEA-AVU&C,29/4/2022,29/4/2027
737,TRƯỜNG ĐẠI HỌC KINH TẾ - LUẬT - ĐẠI HỌC QUỐC GIA TP. HỒ CHÍ MINH,Trường đại học,Công lập,,QSK,VNUHCM - University of Economics and Law,https://www.uel.edu.vn/,TP. Hồ Chí Minh,VNU-CEA,04/10/2017,04/10/2022
945,TRƯỜNG ĐẠI HỌC KINH TẾ - TÀI CHÍNH TP. HỒ CHÍ MINH,Trường đại học,Tư thục,Bộ Giáo dục và Đào tạo,UEF,Universtiy of Economics and Finance,https://www.uef.edu.vn/,TP. Hồ Chí Minh,VNU-HCM CEA,01/02/2019,01/02/2024
807,TRƯỜNG ĐẠI HỌC KINH TẾ CÔNG NGHIỆP LONG AN,Trường đại học,Tư thục,Bộ Giáo dục và Đào tạo,DLA,Long An University of Economics and Industry,https://daihoclongan.edu.vn/,Long An,VU-CEA,22/01/2020,22/01/2025
782,TRƯỜNG ĐẠI HỌC KINH TẾ KỸ THUẬT CÔNG NGHIỆP,Trường đại học,Công lập,Bộ Công Thương,DKK,University of Economic and Technical Industries,https://uneti.edu.vn/,Nam Định,CEA-AVU&C,29/06/2018,29/06/2023
952,TRƯỜNG ĐẠI HỌC KINH TẾ NGHỆ AN,Trường đại học,Công lập,UBND tỉnh Nghệ An,CEA,Nghe An College of Economics,http://dhktna.edu.vn/,Nghệ An,VU-CEA,12/10/2022,12/10/2027
819,TRƯỜNG ĐẠI HỌC KINH TẾ QUỐC DÂN,Trường đại học,Công lập,Bộ Giáo dục và Đào tạo,KHA,National Economic University,https://www.neu.edu.vn/,Hà Nội,,,
914,"TRƯỜNG ĐẠI HỌC KINH TẾ VÀ QUẢN TRỊ KINH DOANH, ĐẠI HỌC THÁI NGUYÊN",Trường đại học,Công lập,Bộ Giáo dục và Đào tạo,DTE,University of Economic and Business Administration - Thai Nguyen University,http://tueba.edu.vn/,Thái Nguyên,CEA-AVU&C,12/12/2017,12/12/2022
701,"TRƯỜNG ĐẠI HỌC KINH TẾ, ĐẠI HỌC HUẾ",Trường đại học,Công lập,Bộ Giáo dục và Đào tạo,DHK,"University of Economics, Hue University",https://hce.edu.vn,Thừa Thiên Huế,VNU-CEA,30/03/2018,30/03/2023
783,TRƯỜNG ĐẠI HỌC KỸ THUẬT - CÔNG NGHỆ CẦN THƠ,Trường đại học,Công lập,UBND TP. Cần Thơ,KCC,Can Tho University of Technology,https://ctuet.edu.vn/,Cần Thơ,CEA-UD,19/01/2021,19/01/2026
915,"TRƯỜNG ĐẠI HỌC KỸ THUẬT CÔNG NGHIỆP, ĐẠI HỌC THÁI NGUYÊN",Trường đại học,Công lập,Bộ Giáo dục và Đào tạo,DTK,University of Technology - Thai Nguyen University,http://www.tnut.edu.vn/,Thái Nguyên,CEA-AVU&C,12/11/2017,12/11/2022
871,TRƯỜNG ĐẠI HỌC KỸ THUẬT Y - DƯỢC ĐÀ NẴNG,Trường đại học,Công lập,Bộ Y tế,YDN,Danang University of Medical Technology and Pharmacy,http://dhktyduocdn.edu.vn/,Đà Nẵng,CEA-AVU&C,04/5/2022,04/5/2027
872,TRƯỜNG ĐẠI HỌC KỸ THUẬT Y TẾ HẢI DƯƠNG,Trường đại học,Công lập,Bộ Y tế,DKY,Hai Duong Medical Technical University,http://www.hmtu.edu.vn/,Hải Dương,CEA-AVU&C,05/08/2018,05/08/2023
843,TRƯỜNG ĐẠI HỌC KHÁNH HOÀ,Trường đại học,Công lập,UBND tỉnh Khánh Hòa,UKH,Khanh Hoa University,http://ukh.edu.vn/,Khánh Hoà,,,
726,TRƯỜNG ĐẠI HỌC KHOA HỌC TỰ NHIÊN - ĐẠI HỌC QUỐC GIA HÀ NỘI,Trường đại học,Công lập,,QHT,VNU University of Science,http://hus.vnu.edu.vn/,Hà Nội,VNU-CEA,04/03/2017,04/03/2022
735,TRƯỜNG ĐẠI HỌC KHOA HỌC TỰ NHIÊN - ĐẠI HỌC QUỐC GIA TP. HỒ CHÍ MINH,Trường đại học,Công lập,,QST,VNUHCM - University of Science,https://www.hcmus.edu.vn/,TP. Hồ Chí Minh,VNU-CEA,04/03/2017,04/03/2022
882,TRƯỜNG ĐẠI HỌC KHOA HỌC VÀ CÔNG NGHỆ HÀ NỘI,Trường đại học,Công lập,Viện Hàn lâm Khoa học và Công nghệ Việt Nam,KCN,University of Science and Technology of Hanoi,https://usth.edu.vn/,Hà Nội,,,
727,TRƯỜNG ĐẠI HỌC KHOA HỌC XÃ HỘI VÀ NHÂN VĂN - ĐẠI HỌC QUỐC GIA HÀ NỘI,Trường đại học,Công lập,,QHX,VNU University of Social Sciences and Humanities,https://ussh.vnu.edu.vn/,Hà Nội,VNU-HCM CEA,09/09/2016,09/09/2021
736,TRƯỜNG ĐẠI HỌC KHOA HỌC XÃ HỘI VÀ NHÂN VĂN - ĐẠI HỌC QUỐC GIA TP. HỒ CHÍ MINH,Trường đại học,Công lập,,QSX,VNUHCM - University of Social Sciences and Humanities,https://hcmussh.edu.vn/,TP. Hồ Chí Minh,VNU-CEA,27/03/2017,27/03/2022
700,"TRƯỜNG ĐẠI HỌC KHOA HỌC, ĐẠI HỌC HUẾ",Trường đại học,Công lập,Bộ Giáo dục và Đào tạo,DHT,"University of Sciences, Hue University",http://husc.hueuni.edu.vn/,Thừa Thiên Huế,VNU-CEA,09/06/2017,09/06/2022
913,"TRƯỜNG ĐẠI HỌC KHOA HỌC, ĐẠI HỌC THÁI NGUYÊN",Trường đại học,Công lập,Bộ Giáo dục và Đào tạo,DTZ,University of Sciences - Thai Nguyen University,https://tnus.edu.vn/,Thái Nguyên,CEA-AVU&C,12/01/2017,12/01/2022
889,TRƯỜNG ĐẠI HỌC LẠC HỒNG,Trường đại học,Tư thục,Bộ Giáo dục và Đào tạo,DLH,Lac Hong University,https://lhu.edu.vn/,Đồng Nai,VNU-HCM CEA,16/03/2018,16/03/2023
953,TRƯỜNG ĐẠI HỌC LAO ĐỘNG - XÃ HỘI,Trường đại học,Công lập,Bộ Lao động - Thương binh và Xã hội,DLX,University of Labour and Social Affairs,http://ulsa.edu.vn/,Hà Nội,VNU-CEA,30/06/2018,30/06/2023
855,TRƯỜNG ĐẠI HỌC LÂM NGHIỆP,Trường đại học,Công lập,Bộ Nông nghiệp và Phát triển nông thôn,LNH,Vietnam National University of Forestry,https://vnuf.edu.vn/,Hà Nội,VNU-CEA,30/03/2018,30/03/2023
1081,TRƯỜNG ĐẠI HỌC LUẬT - ĐẠI HỌC QUỐC GIA HÀ NỘI,Trường đại học,Công lập,,QHL,VNU University of Law,https://law.vnu.edu.vn/,Hà Nội,,,
792,TRƯỜNG ĐẠI HỌC LUẬT HÀ NỘI,Trường đại học,Công lập,Bộ Tư pháp,LPH,Hanoi Law University,https://hlu.edu.vn/,Hà Nội,VNU-CEA,30/03/2018,30/03/2023
793,TRƯỜNG ĐẠI HỌC LUẬT TP. HỒ CHÍ MINH,Trường đại học,Công lập,Bộ Giáo dục và Đào tạo,LPS,University of Law Ho Chi Minh City,https://www.hcmulaw.edu.vn/,TP. Hồ Chí Minh,VNU-HCM CEA,05/03/2017,05/03/2022
702,"TRƯỜNG ĐẠI HỌC LUẬT, ĐẠI HỌC HUẾ",Trường đại học,Công lập,Bộ Giáo dục và Đào tạo,DHA,"Univeristy of Law, Hue University",https://www.hul.edu.vn/,Thừa Thiên Huế,VNU-CEA,30/06/2018,30/06/2023
900,TRƯỜNG ĐẠI HỌC LƯƠNG THẾ VINH,Trường đại học,Tư thục,Bộ Giáo dục và Đào tạo,DTV,Luong The Vinh University,http://ltvu.edu.vn/,Nam Định,,,
808,TRƯỜNG ĐẠI HỌC MỎ - ĐỊA CHẤT,Trường đại học,Công lập,Bộ Giáo dục và Đào tạo,MDA,Hanoi University of Mining and Geology,https://humg.edu.vn/,Hà Nội,VNU-CEA,30/03/2018,30/03/2023
965,TRƯỜNG ĐẠI HỌC MỞ HÀ NỘI,Trường đại học,Công lập,Bộ Giáo dục và Đào tạo,MHN,Hanoi Open University,https://hou.edu.vn/,Hà Nội,VNU-CEA,30/03/2018,30/03/2023
966,TRƯỜNG ĐẠI HỌC MỞ TP. HỒ CHÍ MINH,Trường đại học,Công lập,Bộ Giáo dục và Đào tạo,MBS,Ho Chi Minh City Open University,http://www.oude.edu.vn/,TP. Hồ Chí Minh,VNU-HCM CEA,18/09/2017,18/09/2022
886,TRƯỜNG ĐẠI HỌC MỸ TẠI VIỆT NAM,Trường đại học,Nước ngoài,Nước ngoài,AUV,The American University of Vietnam,http://auv.edu.vn/,Đà Nẵng,,,
690,TRƯỜNG ĐẠI HỌC MỸ THUẬT CÔNG NGHIỆP,Trường đại học,Công lập,Bộ Giáo dục và Đào tạo,MTC,University of Industrial Fine Arts,http://mythuatcongnghiep.edu.vn/,Hà Nội,,,
968,TRƯỜNG ĐẠI HỌC MỸ THUẬT TP. HỒ CHÍ MINH,Trường đại học,Công lập,"Bộ Văn hóa, Thể thao và Du lịch",MTS,Ho Chi Minh city University of Fine Arts,http://www.hcmufa.edu.vn/,TP. Hồ Chí Minh,,,
969,TRƯỜNG ĐẠI HỌC MỸ THUẬT VIỆT NAM,Trường đại học,Công lập,"Bộ Văn hóa, Thể thao và Du lịch",MTH,Vietnam University of Fine Arts,https://mythuatvietnam.edu.vn/,Hà Nội,CEA-AVU&C,01/03/2018,01/03/2023
845,TRƯỜNG ĐẠI HỌC NAM CẦN THƠ,Trường đại học,Tư thục,Bộ Giáo dục và Đào tạo,DNC,Nam Can Tho University,https://nctu.edu.vn/,Cần Thơ,CEA-AVU&C,29/06/2018,29/06/2023
754,TRƯỜNG ĐẠI HỌC NỘI VỤ HÀ NỘI,Trường đại học,Công lập,Bộ Nội Vụ,DNV,Hanoi University of Home Affairs,http://huha.edu.vn,Hà Nội,VNU-CEA,03/12/2020,03/12/2025
856,TRƯỜNG ĐẠI HỌC NÔNG LÂM BẮC GIANG,Trường đại học,Công lập,Bộ Nông nghiệp và Phát triển nông thôn,DBG,Bac Giang Argriculture and Forestry  University,http://bafu.edu.vn/,Bắc Giang,CEA-AVU&C,05/07/2018,05/07/2023
785,TRƯỜNG ĐẠI HỌC NÔNG LÂM TP. HỒ CHÍ MINH,Trường đại học,Công lập,Bộ Giáo dục và Đào tạo,NLS,University of Agriculture and Forestry Ho Chi Minh City,https://www.hcmuaf.edu.vn/,TP. Hồ Chí Minh,VNU-HCM CEA,06/11/2018,06/11/2023
705,"TRƯỜNG ĐẠI HỌC NÔNG LÂM, ĐẠI HỌC HUẾ",Trường đại học,Công lập,Bộ Giáo dục và Đào tạo,DHL,"University of Agriculture and Forestry, Hue University",https://huaf.edu.vn/,Thừa Thiên Huế,VNU-CEA,24/03/2017,24/03/2022
916,"TRƯỜNG ĐẠI HỌC NÔNG LÂM, ĐẠI HỌC THÁI NGUYÊN",Trường đại học,Công lập,Bộ Giáo dục và Đào tạo,DTN,University of Agriculture and Forestry - Thai Nguyen University,https://tuaf.edu.vn/,Thái Nguyên,CEA-AVU&C,12/08/2017,12/08/2022
963,TRƯỜNG ĐẠI HỌC NGÂN HÀNG TP. HỒ CHÍ MINH,Trường đại học,Công lập,Ngân hàng Nhà nước Việt Nam,NHS,The Banking University of Ho Chi Minh City,https://buh.edu.vn/,TP. Hồ Chí Minh,VNU-HCM CEA,16/12/2017,16/12/2022
703,"TRƯỜNG ĐẠI HỌC NGHỆ THUẬT, ĐẠI HỌC HUẾ",Trường đại học,Công lập,Bộ Giáo dục và Đào tạo,DHN,"University of Arts, Hue University",http://hufa.hueuni.edu.vn/,Thừa Thiên Huế,,,
729,TRƯỜNG ĐẠI HỌC NGOẠI NGỮ - ĐẠI HỌC QUỐC GIA HÀ NỘI,Trường đại học,Công lập,,QHF,VNU University of Languages and International Studies,https://ulis.vnu.edu.vn/,Hà Nội,VNU-HCM CEA,09/09/2016,09/09/2021
901,TRƯỜNG ĐẠI HỌC NGOẠI NGỮ - TIN HỌC TP. HỒ CHÍ MINH,Trường đại học,Tư thục,Bộ Giáo dục và Đào tạo,DNT,Ho Chi Minh City University of Foreign Languages and Information Technology,https://huflit.edu.vn/,TP. Hồ Chí Minh,CEA-UD,27/05/2018,27/05/2023
704,"TRƯỜNG ĐẠI HỌC NGOẠI NGỮ, ĐẠI HỌC HUẾ",Trường đại học,Công lập,Bộ Giáo dục và Đào tạo,DHF,University of Foreign Languages Hue University,https://hucfl.edu.vn/vi/,Thừa Thiên Huế,VNU-CEA,30/03/2018,30/03/2023
821,TRƯỜNG ĐẠI HỌC NGOẠI THƯƠNG,Trường đại học,Công lập,Bộ Giáo dục và Đào tạo,NTH,Foreign Trade University,http://www.ftu.edu.vn/,Hà Nội,VNU-CEA,04/07/2017,04/07/2022
711,TRƯỜNG ĐẠI HỌC NGUYỄN TẤT THÀNH,Trường đại học,Tư thục,Bộ Giáo dục và Đào tạo,NTT,Nguyen Tat Thanh University,https://ntt.edu.vn/,TP. Hồ Chí Minh,VNU-HCM CEA,05/03/2017,05/03/2022
784,TRƯỜNG ĐẠI HỌC NGUYỄN TRÃI,Trường đại học,Tư thục,Bộ Giáo dục và Đào tạo,NTU,Nguyen Trai University,http://daihocnguyentrai.edu.vn/,Hà Nội,,,
691,TRƯỜNG ĐẠI HỌC NHA TRANG,Trường đại học,Công lập,Bộ Giáo dục và Đào tạo,TSN,Nha Trang University,http://www.ntu.edu.vn/,Khánh Hoà,VNU-HCM CEA,16/03/2018,16/03/2023
902,TRƯỜNG ĐẠI HỌC PHẠM VĂN ĐỒNG,Trường đại học,Công lập,UBND tỉnh Quảng Ngãi,DPQ,Pham Van Dong University,http://pdu.edu.vn/,Quảng Ngãi,CEA-UD,10/11/2017,10/10/2022
981,TRƯỜNG ĐẠI HỌC PHAN CHÂU TRINH,Trường đại học,Tư thục,Bộ Giáo dục và Đào tạo,DPC,Phan Chau Trinh Universtiy,http://pctu.edu.vn/,Quảng Nam,,,
887,TRƯỜNG ĐẠI HỌC PHAN THIẾT,Trường đại học,Tư thục,Bộ Giáo dục và Đào tạo,DPT,University of Phan Thiet,http://upt.edu.vn/,Bình Thuận,VNU-CEA,27/09/2019,27/09/2024
755,TRƯỜNG ĐẠI HỌC PHENIKAA,Trường đại học,Tư thục,Bộ Giáo dục và Đào tạo,DTA,Phenikaa University,https://phenikaa-uni.edu.vn/,Hà Nội,VNU-CEA,31/07/2020,31/07/2025
982,TRƯỜNG ĐẠI HỌC PHÚ XUÂN,Trường đại học,Tư thục,Bộ Giáo dục và Đào tạo,DPX,Phu Xuan University,http://pctu.edu.vn/,Thừa Thiên Huế,VU-CEA,20/7/2022,20/7/2027
903,TRƯỜNG ĐẠI HỌC PHÚ YÊN,Trường đại học,Công lập,UBND tỉnh Phú Yên,DPY,Phu Yen University,https://pyu.edu.vn/,Phú Yên,CEA-AVU&C,26/9/2022,26/9/2027
985,TRƯỜNG ĐẠI HỌC QUẢN LÝ VÀ CÔNG NGHỆ HẢI PHÒNG,Trường đại học,Tư thục,Bộ Giáo dục và Đào tạo,DHP,University of Management and Technology Hai Phong,https://hpu.edu.vn/,Hải Phòng,,,
857,TRƯỜNG ĐẠI HỌC QUẢN LÝ VÀ CÔNG NGHỆ TP. HỒ CHÍ MINH,Trường đại học,Tư thục,Bộ Giáo dục và Đào tạo,UMT,University of Management and Technology Ho Chi Minh City,https://www.umt.edu.vn/,TP. Hồ Chí Minh,,,
904,TRƯỜNG ĐẠI HỌC QUẢNG BÌNH,Trường đại học,Công lập,UBND tỉnh Quảng Bình,DQB,Quang Binh University,https://quangbinhuni.edu.vn/,Quảng Bình,CEA-UD,25/05/2018,25/05/2023
794,TRƯỜNG ĐẠI HỌC QUẢNG NAM,Trường đại học,Công lập,UBND tỉnh Quảng Nam,DQU,Quang Nam University,http://qnamuni.edu.vn/,Quảng Nam,CEA-UD,27/10/2020,27/10/2025
954,TRƯỜNG ĐẠI HỌC QUANG TRUNG,Trường đại học,Tư thục,Bộ Giáo dục và Đào tạo,DQT,Quang Trung University,https://qtu.edu.vn,Bình Định,,,
738,TRƯỜNG ĐẠI HỌC QUỐC TẾ - ĐẠI HỌC QUỐC GIA TP. HỒ CHÍ MINH,Trường đại học,Công lập,,QSQ,VNUHCM - International University,https://hcmiu.edu.vn/,TP. Hồ Chí Minh,AUN-QA,27/12/2018,27/12/2023
888,TRƯỜNG ĐẠI HỌC QUỐC TẾ BẮC HÀ,Trường đại học,Tư thục,Bộ Giáo dục và Đào tạo,DBH,Bac Ha International University,http://iubh.edu.vn/,Bắc Ninh,,,
932,TRƯỜNG ĐẠI HỌC QUỐC TẾ HỒNG BÀNG,Trường đại học,Tư thục,Bộ Giáo dục và Đào tạo,HIU,Hong Bang University International,https://hiu.vn/,TP. Hồ Chí Minh,CEA-AVU&C,18/03/2019,18/03/2024
809,TRƯỜNG ĐẠI HỌC QUỐC TẾ MIỀN ĐÔNG,Trường đại học,Tư thục,Bộ Giáo dục và Đào tạo,EIU,Eastern International University,https://eiu.edu.vn/,Bình Dương,VNU-HCM CEA,04/08/2020,04/08/2025
983,TRƯỜNG ĐẠI HỌC QUỐC TẾ RMIT VIỆT NAM,Trường đại học,Nước ngoài,Nước ngoài,RMU,The Royal Melbourne Institute of Technology University in Vietnam,https://www.rmit.edu.vn/,TP. Hồ Chí Minh,,,
905,TRƯỜNG ĐẠI HỌC QUY NHƠN,Trường đại học,Công lập,Bộ Giáo dục và Đào tạo,DQN,Quy Nhon University,http://www.qnu.edu.vn/,Bình Định,CEA-UD,10/11/2017,11/10/2022
741,TRƯỜNG ĐẠI HỌC SÀI GÒN,Trường đại học,Công lập,UBND TP. Hồ Chí Minh,SGD,Sai Gon University,https://sgu.edu.vn/,TP. Hồ Chí Minh,VNU-CEA,29/03/2017,29/03/2022
822,TRƯỜNG ĐẠI HỌC SAO ĐỎ,Trường đại học,Công lập,Bộ Công Thương,SDU,SaoDo University,http://saodo.edu.vn/,Hải Dương,CEA-AVU&C,27/11/2017,27/11/2022
756,TRƯỜNG ĐẠI HỌC SÂN KHẤU ĐIỆN ẢNH HÀ NỘI,Trường đại học,Công lập,"Bộ Văn hóa, Thể thao và Du lịch",SKD,Hanoi Academy of Theatre and Cinema,http://skda.edu.vn/,Hà Nội,VNU-CEA,09/05/2017,09/05/2022
757,"TRƯỜNG ĐẠI HỌC SÂN KHẤU, ĐIỆN ẢNH TP. HỒ CHÍ MINH",Trường đại học,Công lập,"Bộ Văn hóa, Thể thao và Du lịch",DSD,HCMC University of Theatre and Cinema,http://skdahcm.edu.vn/,TP. Hồ Chí Minh,,,
742,TRƯỜNG ĐẠI HỌC SƯ PHẠM HÀ NỘI,Trường đại học,Công lập,Bộ Giáo dục và Đào tạo,SPH,Hanoi National University of Education,https://hnue.edu.vn/,Hà Nội,VNU-CEA,09/05/2017,09/05/2022
743,TRƯỜNG ĐẠI HỌC SƯ PHẠM HÀ NỘI 2,Trường đại học,Công lập,Bộ Giáo dục và Đào tạo,SP2,Hanoi Pedagogical University 2,https://www.hpu2.edu.vn/,Vĩnh Phúc,VNU-CEA,30/03/2018,30/03/2023
712,TRƯỜNG ĐẠI HỌC SƯ PHẠM KỸ THUẬT HƯNG YÊN,Trường đại học,Công lập,Bộ Giáo dục và Đào tạo,SKH,Hung Yen University of Technology and Education,http://utehy.edu.vn/,Hưng Yên,VNU-CEA,30/03/2018,30/03/2023
713,TRƯỜNG ĐẠI HỌC SƯ PHẠM KỸ THUẬT NAM ĐỊNH,Trường đại học,Công lập,Bộ Lao động - Thương binh và Xã hội,SKN,Nam Dinh University of Technology Education,http://nute.edu.vn/,Nam Định,,,
714,TRƯỜNG ĐẠI HỌC SƯ PHẠM KỸ THUẬT TP. HỒ CHÍ MINH,Trường đại học,Công lập,Bộ Giáo dục và Đào tạo,SPK,HCMC University of Technology and Education,http://hcmute.edu.vn/,TP. Hồ Chí Minh,VNU-HCM CEA,05/03/2017,05/03/2022
715,TRƯỜNG ĐẠI HỌC SƯ PHẠM KỸ THUẬT VINH,Trường đại học,Công lập,Bộ Lao động - Thương binh và Xã hội,SKV,Vinh University of Technology Education,http://spktvinh.edu.vn/,Nghệ An,VU-CEA,15/08/2021,15/08/2026
716,TRƯỜNG ĐẠI HỌC SƯ PHẠM KỸ THUẬT VĨNH LONG,Trường đại học,Công lập,Bộ Lao động - Thương binh và Xã hội,VLU,Vinh Long University of Technology Education,http://vlute.edu.vn/,Vĩnh Long,CEA-UD,02/03/2020,02/03/2025
744,TRƯỜNG ĐẠI HỌC SƯ PHẠM NGHỆ THUẬT TRUNG ƯƠNG,Trường đại học,Công lập,Bộ Giáo dục và Đào tạo,GNT,National University of Arts Education - NUAE,http://www.spnttw.edu.vn/,Hà Nội,CEA-AVU&C,29/06/2018,29/06/2023
745,TRƯỜNG ĐẠI HỌC SƯ PHẠM TP. HỒ CHÍ MINH,Trường đại học,Công lập,Bộ Giáo dục và Đào tạo,SPS,Ho Chi Minh City University of Education,https://hcmue.edu.vn/,TP. Hồ Chí Minh,CEA-AVU&C,14/05/2018,14/05/2023
692,TRƯỜNG ĐẠI HỌC SƯ PHẠM THỂ DỤC THỂ THAO HÀ NỘI,Trường đại học,Công lập,Bộ Giáo dục và Đào tạo,TDH,Hanoi University of Physical Education and Sports,https://hupes.edu.vn/,Hà Nội,VNU-CEA,08/06/2020,08/06/2025
693,TRƯỜNG ĐẠI HỌC SƯ PHẠM THỂ DỤC THỂ THAO TP. HỒ CHÍ MINH,Trường đại học,Công lập,Bộ Giáo dục và Đào tạo,STS,Ho Chi Minh City University of Physical Education and Sports,https://upes.edu.vn/,TP. Hồ Chí Minh,,,
800,"TRƯỜNG ĐẠI HỌC SƯ PHẠM, ĐẠI HỌC ĐÀ NẴNG",Trường đại học,Công lập,Bộ Giáo dục và Đào tạo,DDS,University of Science and Education - The University of Da Nang,https://ued.udn.vn/,Đà Nẵng,VNU-CEA,23/03/2016,23/03/2021
706,"TRƯỜNG ĐẠI HỌC SƯ PHẠM, ĐẠI HỌC HUẾ",Trường đại học,Công lập,Bộ Giáo dục và Đào tạo,DHS,"University of Education, Hue University",http://www.dhsphue.edu.vn/,Thừa Thiên Huế,VNU-CEA,30/03/2018,30/03/2023
917,"TRƯỜNG ĐẠI HỌC SƯ PHẠM, ĐẠI HỌC THÁI NGUYÊN",Trường đại học,Công lập,Bộ Giáo dục và Đào tạo,DTS,University of Education - Thai Nguyen University,http://tnue.edu.vn/,Thái Nguyên,VNU-CEA,09/05/2017,09/05/2022
970,TRƯỜNG ĐẠI HỌC TÀI CHÍNH - KẾ TOÁN,Trường đại học,Công lập,Bộ Tài chính,DKQ,University of Finance – Accounting,http://tckt.edu.vn/,Quảng Ngãi,,,
955,TRƯỜNG ĐẠI HỌC TÀI CHÍNH - MARKETING,Trường đại học,Công lập,Bộ Tài chính,DMS,University of Finance – Marketing,https://ufm.edu.vn/,TP. Hồ Chí Minh,VNU-HCM CEA,16/11/2017,16/11/2022
720,TRƯỜNG ĐẠI HỌC TÀI CHÍNH - NGÂN HÀNG HÀ NỘI,Trường đại học,Tư thục,Bộ Giáo dục và Đào tạo,FBU,Hanoi Financial and Banking University,https://fbu.edu.vn/,Hà Nội,,,
956,TRƯỜNG ĐẠI HỌC TÀI CHÍNH - QUẢN TRỊ KINH DOANH,Trường đại học,Công lập,Bộ Tài chính,DFA,The University of Finance and Business Administration,http://tcqtkd.edu.vn/,Hưng Yên,VNU-CEA,11/03/2022,11/03/2027
746,TRƯỜNG ĐẠI HỌC TÀI NGUYÊN VÀ MÔI TRƯỜNG HÀ NỘI,Trường đại học,Công lập,Bộ Tài nguyên và Môi trường,DMT,Hanoi University of Natural Resource and Environment,https://www.hunre.edu.vn/,Hà Nội,VNU-CEA,30/03/2018,30/03/2023
747,TRƯỜNG ĐẠI HỌC TÀI NGUYÊN VÀ MÔI TRƯỜNG TP. HỒ CHÍ MINH,Trường đại học,Công lập,Bộ Tài nguyên và Môi trường,DTM,Ho Chi Minh City University for Natural Resources and Environment,http://www.hcmunre.edu.vn/,TP. Hồ Chí Minh,VU-CEA,15/08/2021,15/08/2026
957,TRƯỜNG ĐẠI HỌC TÂN TẠO,Trường đại học,Tư thục,Bộ Giáo dục và Đào tạo,TTU,Tan Tao University,https://ttu.edu.vn/,Long An,,,
823,TRƯỜNG ĐẠI HỌC TÂN TRÀO,Trường đại học,Công lập,UBND tỉnh Tuyên Quang,TQU,Tan Trao University,https://daihoctantrao.edu.vn/,Tuyên Quang,CEA-AVU&C,18/11/2019,18/11/2024
906,TRƯỜNG ĐẠI HỌC TÂY BẮC,Trường đại học,Công lập,Bộ Giáo dục và Đào tạo,TTB,Tay Bac Universty,https://utb.edu.vn/,Sơn La,CEA-AVU&C,24/05/2021,24/05/2026
946,TRƯỜNG ĐẠI HỌC TÂY ĐÔ,Trường đại học,Tư thục,Bộ Giáo dục và Đào tạo,DTD,Tay Do University,https://tdu.edu.vn/,Cần Thơ,VNU-CEA,30/03/2018,30/03/2023
847,TRƯỜNG ĐẠI HỌC TÂY NGUYÊN,Trường đại học,Công lập,Bộ Giáo dục và Đào tạo,TTN,Tay Nguyen University,https://www.ttn.edu.vn/,Đắk Lắk,CEA-UD,27/10/2020,27/10/2025
859,TRƯỜNG ĐẠI HỌC TIỀN GIANG,Trường đại học,Công lập,UBND tỉnh Tiền Giang,TTG,Tien Giang University,http://www.tgu.edu.vn/,Tiền Giang,VNU-HCM CEA,18/09/2017,18/09/2022
721,TRƯỜNG ĐẠI HỌC TÔN ĐỨC THẮNG,Trường đại học,Công lập,Tổng Liên đoàn Lao động Việt Nam,DTT,Ton Duc Thang University,https://www.tdtu.edu.vn/,TP. Hồ Chí Minh,HCERES,03/07/2018,03/07/2023
810,TRƯỜNG ĐẠI HỌC TƯ THỤC QUỐC TẾ SÀI GÒN,Trường đại học,Tư thục,Bộ Giáo dục và Đào tạo,TTQ,The SaiGon International Univeristy,https://www.siu.edu.vn/,TP. Hồ Chí Minh,,,
958,TRƯỜNG ĐẠI HỌC THÁI BÌNH,Trường đại học,Công lập,UBND tỉnh Thái Bình,DTB,Thai Binh University,http://tbu.edu.vn/,Thái Bình,CEA-AVU&C,04/5/2022,04/5/2027
907,TRƯỜNG ĐẠI HỌC THÁI BÌNH DƯƠNG,Trường đại học,Tư thục,Bộ Giáo dục và Đào tạo,TBD,Pacific Ocean University,https://tbd.edu.vn/,Khánh Hoà,VU-CEA,14/04/2022,14/04/2027
908,TRƯỜNG ĐẠI HỌC THÀNH ĐÔ,Trường đại học,Tư thục,Bộ Giáo dục và Đào tạo,TDD,Thanh Do University,https://www.thanhdo.edu.vn/,Hà Nội,VNU-CEA,25/08/2021,25/08/2026
959,TRƯỜNG ĐẠI HỌC THÀNH ĐÔNG,Trường đại học,Tư thục,Bộ Giáo dục và Đào tạo,DDB,Thanh Dong University,https://thanhdong.edu.vn/,Hải Dương,VU-CEA,26/11/2020,26/11/2025
824,TRƯỜNG ĐẠI HỌC THĂNG LONG,Trường đại học,Tư thục,Bộ Giáo dục và Đào tạo,DTL,Thang Long University,https://thanglong.edu.vn/,Hà Nội,VNU-CEA,30/06/2018,30/06/2023
694,TRƯỜNG ĐẠI HỌC THỂ DỤC THỂ THAO BẮC NINH,Trường đại học,Công lập,"Bộ Văn hóa, Thể thao và Du lịch",TDB,Bac Ninh Sport University of Viet Nam,http://upes1.edu.vn/,Bắc Ninh,VNU-CEA,30/03/2018,30/03/2023
695,TRƯỜNG ĐẠI HỌC THỂ DỤC THỂ THAO ĐÀ NẴNG,Trường đại học,Công lập,"Bộ Văn hóa, Thể thao và Du lịch",TTD,Da Nang University of Physical Education and Sports,https://upes3.edu.vn/,Đà Nẵng,CEA-UD,25/02/2021,25/02/2026
696,TRƯỜNG ĐẠI HỌC THỂ DỤC THỂ THAO TP. HỒ CHÍ MINH,Trường đại học,Công lập,"Bộ Văn hóa, Thể thao và Du lịch",TDS,Ho Chi Minh City University of Physical Education and Sports,http://ush.edu.vn/,TP. Hồ Chí Minh,,,
858,TRƯỜNG ĐẠI HỌC THỦ DẦU MỘT,Trường đại học,Công lập,UBND tỉnh Bình Dương,TDM,Thu Dau Mot University,https://tdmu.edu.vn/,Bình Dương,VNU-HCM CEA,16/11/2017,16/11/2022
748,TRƯỜNG ĐẠI HỌC THỦ ĐÔ HÀ NỘI,Trường đại học,Công lập,UBND TP. Hà Nội,HNM,Hanoi Metropolitan Univerisity,https://hnmu.edu.vn/,Hà Nội,VU-CEA,08/10/2020,08/10/2025
909,TRƯỜNG ĐẠI HỌC THUỶ LỢI,Trường đại học,Công lập,Bộ Nông nghiệp và Phát triển nông thôn,TLA,Water Resources University,http://www.tlu.edu.vn/,Hà Nội,VNU-CEA,20/03/2019,20/03/2024
825,TRƯỜNG ĐẠI HỌC THƯƠNG MẠI,Trường đại học,Công lập,Bộ Giáo dục và Đào tạo,TMA,Thuongmai University,https://tmu.edu.vn/,Hà Nội,VNU-CEA,30/03/2018,30/03/2023
848,TRƯỜNG ĐẠI HỌC TRÀ VINH,Trường đại học,Công lập,UBND tỉnh Trà Vinh,DVT,Tra Vinh University,https://www.tvu.edu.vn/,Trà Vinh,VNU-HCM CEA,20/11/2019,20/11/2024
826,TRƯỜNG ĐẠI HỌC TRƯNG VƯƠNG,Trường đại học,Tư thục,Bộ Giáo dục và Đào tạo,DVP,Trung Vuong University,http://tv-uni.edu.vn,Vĩnh Phúc,Trung tâm kiểm định chất lượng Trường Đại học Vinh,27/02/2023,27/02/2028
761,TRƯỜNG ĐẠI HỌC VĂN HIẾN,Trường đại học,Tư thục,Bộ Giáo dục và Đào tạo,DVH,Van Hien University,https://vhu.edu.vn/,TP. Hồ Chí Minh,CEA-UD,03/12/2020,03/12/2025
763,TRƯỜNG ĐẠI HỌC VĂN HOÁ HÀ NỘI,Trường đại học,Công lập,"Bộ Văn hóa, Thể thao và Du lịch",VHH,Hanoi University of Culture,https://huc.edu.vn/,Hà Nội,,,
764,TRƯỜNG ĐẠI HỌC VĂN HOÁ TP. HỒ CHÍ MINH,Trường đại học,Công lập,"Bộ Văn hóa, Thể thao và Du lịch",VHS,Ho Chi Minh City University of Culture,https://www.hcmuc.edu.vn/,TP. Hồ Chí Minh,VNU-HCM CEA,04/08/2020,04/08/2025
697,"TRƯỜNG ĐẠI HỌC VĂN HOÁ, THỂ THAO VÀ DU LỊCH THANH HOÁ",Trường đại học,Công lập,UBND tỉnh Thanh Hoá,DVD,"Thanh Hoa University of Culture, Sports and Tourism",http://www.dvtdt.edu.vn/,Thanh Hóa,VU-CEA,15/04/2022,15/04/2027
765,TRƯỜNG ĐẠI HỌC VĂN LANG,Trường đại học,Tư thục,Bộ Giáo dục và Đào tạo,DVL,Van Lang University,https://www.vanlanguni.edu.vn/,TP. Hồ Chí Minh,,,
984,TRƯỜNG ĐẠI HỌC VIỆT ĐỨC,Trường đại học,Công lập,Bộ Giáo dục và Đào tạo,VGU,Vietnamese - German University,https://vgu.edu.vn/vi/home,Bình Dương,,,
730,TRƯỜNG ĐẠI HỌC VIỆT NHẬT - ĐẠI HỌC QUỐC GIA HÀ NỘI,Trường đại học,Công lập,,VJU,VNU Vietnam - Japan University,http://vju.ac.vn/,Hà Nội,,,
750,TRƯỜNG ĐẠI HỌC VINUNI,Trường đại học,Tư thục,Bộ Giáo dục và Đào tạo,VIN,VinUniversity,https://vinuni.edu.vn/,Hà Nội,,,
749,TRƯỜNG ĐẠI HỌC VINH,Trường đại học,Công lập,Bộ Giáo dục và Đào tạo,TDV,Vinh University,http://vinhuni.edu.vn/,Nghệ An,VNU-CEA,09/06/2017,09/06/2022
895,TRƯỜNG ĐẠI HỌC VÕ TRƯỜNG TOẢN,Trường đại học,Tư thục,Bộ Giáo dục và Đào tạo,VTT,Vo Truong Toan University,http://www.vttu.edu.vn/,Hậu Giang,VU-CEA,15/08/2021,15/08/2026
827,TRƯỜNG ĐẠI HỌC XÂY DỰNG HÀ NỘI,Trường đại học,Công lập,Bộ Giáo dục và Đào tạo,XDA,Hanoi University of Civil Engineering,https://www.nuce.edu.vn/,Hà Nội,HCERES,06/12/2017,06/12/2022
698,TRƯỜNG ĐẠI HỌC XÂY DỰNG MIỀN TÂY,Trường đại học,Công lập,Bộ Xây dựng,MTU,Mien Tay Construction University,http://www.mtu.edu.vn/,Vĩnh Long,CEA-UD,25/05/2018,24/05/2023
892,TRƯỜNG ĐẠI HỌC XÂY DỰNG MIỀN TRUNG,Trường đại học,Công lập,Bộ Xây dựng,XDT,MienTrung University of Civil Engineering,http://muce.edu.vn/,Phú Yên,CEA-UD,22/02/2021,22/02/2026
723,TRƯỜNG ĐẠI HỌC Y DƯỢC - ĐẠI HỌC QUỐC GIA HÀ NỘI,Trường đại học,Công lập,,QHY,VNU University of Medicine and Pharmacy,http://ump.vnu.edu.vn/,Hà Nội,,,
840,TRƯỜNG ĐẠI HỌC Y DƯỢC BUÔN MA THUỘT,Trường đại học,Tư thục,Bộ Giáo dục và Đào tạo,BMU,Buon Ma Thuot University,https://bmtu.edu.vn/,Đắk Lắk,CEA-AVU&C,26/05/2021,26/05/2026
873,TRƯỜNG ĐẠI HỌC Y DƯỢC CẦN THƠ,Trường đại học,Công lập,Bộ Y tế,YCT,Can Tho University of Medicine - Pharmacy,http://www.ctump.edu.vn/,Cần Thơ,CEA-UD,06/02/2018,06/01/2023
874,TRƯỜNG ĐẠI HỌC Y DƯỢC HẢI PHÒNG,Trường đại học,Công lập,Bộ Y tế,YPB,Hai Phong Medical University,http://hpmu.edu.vn/hpmu/,Hải Phòng,CEA-AVU&C,30/06/2018,30/06/2023
717,TRƯỜNG ĐẠI HỌC Y DƯỢC THÁI BÌNH,Trường đại học,Công lập,Bộ Y tế,YTB,Thai Binh Medical University,http://tbump.edu.vn/,Thái Bình,CEA-AVU&C,29/06/2018,29/06/2023
707,"TRƯỜNG ĐẠI HỌC Y DƯỢC, ĐẠI HỌC HUẾ",Trường đại học,Công lập,Bộ Giáo dục và Đào tạo,DHY,"University of Medicine and Pharmacy, Hue University",https://huemed-univ.edu.vn/,Thừa Thiên Huế,VNU-CEA,27/03/2017,27/03/2022
918,"TRƯỜNG ĐẠI HỌC Y DƯỢC, ĐẠI HỌC THÁI NGUYÊN",Trường đại học,Công lập,Bộ Giáo dục và Đào tạo,DTY,University of Medicine and Pharmacy - Thai Nguyen University,http://tump.edu.vn/,Thái Nguyên,VNU-CEA,25/12/2017,25/12/2022
876,TRƯỜNG ĐẠI HỌC Y HÀ NỘI,Trường đại học,Công lập,Bộ Y tế,YHB,Hanoi Medical University,https://hmu.edu.vn/,Hà Nội,VNU-CEA,31/08/2017,31/08/2022
718,TRƯỜNG ĐẠI HỌC Y KHOA PHẠM NGỌC THẠCH,Trường đại học,Công lập,UBND TP. Hồ Chí Minh,TYS,Pham Ngoc Thach University of Medicine,https://www.pnt.edu.vn/,TP. Hồ Chí Minh,VNU-HCM CEA,10/01/2023,10/01/2028
877,TRƯỜNG ĐẠI HỌC Y KHOA TOKYO VIỆT NAM,Trường đại học,Nước ngoài,Nước ngoài,THU,Tokyo Human Health Sciences University Vietnam,https://tokyo-human.edu.vn/,Hưng Yên,,,
719,TRƯỜNG ĐẠI HỌC Y KHOA VINH,Trường đại học,Công lập,UBND tỉnh Nghệ An,YKV,Vinh Medical University,http://www.vmu.edu.vn/,Nghệ An,CEA-AVU&C,26/05/2021,26/05/2026
878,TRƯỜNG ĐẠI HỌC Y TẾ CÔNG CỘNG,Trường đại học,Công lập,Bộ Y tế,YTC,Hanoi University of Public Health,https://huph.edu.vn/,Hà Nội,CEA-AVU&C,27/11/2017,27/11/2022
960,TRƯỜNG ĐẠI HỌC YERSIN ĐÀ LẠT,Trường đại học,Tư thục,Bộ Giáo dục và Đào tạo,DYD,Yersin University,https://yersin.edu.vn/,Lâm Đồng,CEA-AVU&C,16/11/2020,16/11/2025
797,"TRƯỜNG ĐẠI HỌC KINH TẾ, ĐẠI HỌC ĐÀ NẴNG",Trường đại học,Công lập,Bộ Giáo dục và Đào tạo,DDQ,University of Economics - The University of Da Nang,https://due.udn.vn,Đà Nẵng,VNU-CEA,14/10/2016,14/10/2021
798,"TRƯỜNG ĐẠI HỌC NGOẠI NGỮ, ĐẠI HỌC ĐÀ NẴNG",Trường đại học,Công lập,Bộ Giáo dục và Đào tạo,DDF,University of Foreign Language Studies - The University of Da Nang,http://ufl.udn.vn/,Đà Nẵng,VNU-CEA,14/10/2016,14/10/2021
799,"TRƯỜNG ĐẠI HỌC SƯ PHẠM KỸ THUẬT, ĐẠI HỌC ĐÀ NẴNG",Trường đại học,Công lập,Bộ Giáo dục và Đào tạo,DDC,University of Technology and Education - The University of Da Nang,https://ute.udn.vn/,Đà Nẵng,,,
990,Viện Công nghiệp thực phẩm,Viện nghiên cứu,Công lập,Bộ Công Thương,V08,Food Industry Research Institute,https://firi.vn/,Hà Nội,,,
989,Viện Cơ điện Nông nghiệp và Công nghệ sau thu hoạch,Viện nghiên cứu,Công lập,Bộ Nông nghiệp và Phát triển nông thôn,VCD,Vietnam Institute Of Agricultural Engineering And Post-Harvest Technology,http://www.viaep.org.vn/,Hà Nội,,,
987,Viện Chăn nuôi,Viện nghiên cứu,Công lập,Bộ Nông nghiệp và Phát triển nông thôn,VCN,National Institute of Animal Sciences,http://vcn.mard.gov.vn/,Hà Nội,,,
988,Viện Chiến lược phát triển,Viện nghiên cứu,Công lập,Bộ Kế hoạch và Đầu tư,V19,Vietnam Institute for Development Strategies,http://vids.mpi.gov.vn/,Hà Nội,,,
991,Viện Dầu khí Việt Nam,Viện nghiên cứu,Công lập,Tập đoàn Dầu khí Quốc gia Việt Nam,VDK,Vietnam Petroleum Institute - VPI,http://www.vpi.pvn.vn/,Hà Nội,,,
992,Viện Dinh dưỡng,Viện nghiên cứu,Công lập,Bộ Y tế,V66,National Institute of Nutrition,http://viendinhduong.vn/,Hà Nội,,,
993,Viện Dược liệu,Viện nghiên cứu,Công lập,Bộ Y tế,V22,National Institute of Medical Materials,http://vienduoclieu.org.vn/,Hà Nội,,,
994,Viện Hoá học công nghiệp,Viện nghiên cứu,Công lập,Bộ Công Thương,V11,Vietnam Institute of Industry Chemistry,http://viic.vn/,Hà Nội,,,
1006,Viện Kiểm nghiệm thuốc Trung ương,Viện nghiên cứu,Công lập,Bộ Y tế,NQC,National Institute of Drug Quality Control,https://nidqc.gov.vn/,Hà Nội,,,
1007,Viện Kiến trúc Quốc gia,Viện nghiên cứu,Công lập,Bộ Xây dựng,V12,Vietnam Institute of Architecture,http://vienkientrucquocgia.gov.vn/,Hà Nội,,,
995,Viện Khoa học công nghệ xây dựng,Viện nghiên cứu,Công lập,Bộ Xây dựng,V14,Vietnam Institute for Building Science and Technology,http://www.ibst.vn/,Hà Nội,,,
996,Viện Khoa học Địa chất và Khoáng sản,Viện nghiên cứu,Công lập,Bộ Tài nguyên và Môi trường,V47,Vietnam Institute of Geosciences and Mineral Resources,https://vigmr.vn,Hà Nội,,,
997,Viện Khoa học Đo đạc và Bản đồ,Viện nghiên cứu,Công lập,Bộ Tài nguyên và Môi trường,KBD,Vietnam Institute of Geodesy and Cartography,http://www.vigac.vn/,Hà Nội,,,
998,Viện Khoa học Giáo dục Việt nam,Viện nghiên cứu,Công lập,Bộ Giáo dục và Đào tạo,V46,The Vietnam National Institute of Education Sciences,http://www.vnies.edu.vn/,Hà Nội,,,
999,Viện Khoa học Khí tượng Thủy văn và Biến đổi khí hậu,Viện nghiên cứu,Công lập,Bộ Tài nguyên và Môi trường,V50,"Vietnam Institute of Meteorology, Hydrology and Climate Change",http://www.imh.ac.vn/,Hà Nội,,,
1000,Viện Khoa học Lâm nghiệp Việt Nam,Viện nghiên cứu,Công lập,Bộ Nông nghiệp và Phát triển nông thôn,VLN,Vietnamese Academy of Forest Sciences,http://vafs.gov.vn/,Hà Nội,,,
1001,Viện Khoa học Nông nghiệp Việt Nam,Viện nghiên cứu,Công lập,Bộ Nông nghiệp và Phát triển nông thôn,VKN,Vietnam Academy of Agriculture Sciences,https://vaas.vn/,Hà Nội,,,
1002,Viện Khoa học Thể dục thể thao,Viện nghiên cứu,Công lập,"Bộ Văn hóa, Thể thao và Du lịch",VKT,Vietnam Sport Science Institute,http://vkhtdtt.vn/,Hà Nội,,,
1003,Viện Khoa học Thuỷ lợi Việt Nam,Viện nghiên cứu,Công lập,Bộ Nông nghiệp và Phát triển nông thôn,VTL,Vietnam Academy for Water Resources,http://www.vawr.org.vn/,Hà Nội,,,
1004,Viện Khoa học và Công nghệ Giao thông vận tải,Viện nghiên cứu,Công lập,Bộ Giao thông vận tải,V13,Institute of Transport Science and Technology,http://itst.gov.vn/,Hà Nội,,,
1009,Viện Máy và Dụng cụ công nghiệp,Viện nghiên cứu,Công lập,Bộ Công Thương,V48,Industrial Machinery And Instruments Holding,http://imi-holding.com/,Hà Nội,,,
1010,Viện Năng lượng nguyên tử Việt Nam,Viện nghiên cứu,Công lập,Bộ Khoa học và Công nghệ,V04,Vietnam Atomic Energy Institute,http://www.vaec.gov.vn/,Hà Nội,,,
1012,Viện Nghiên cứu Cơ khí,Viện nghiên cứu,Công lập,Bộ Công Thương,V49,National Research Institute Of Mechanical Engineering,http://narime.gov.vn,Hà Nội,,,
1011,"Viện Nghiên cứu Chiến lược, Chính sách Công Thương",Viện nghiên cứu,Công lập,Bộ Công Thương,V17,Viet Nam Institute of Industrial and Trade Policy and Strategy - VIOIT,http://www.viennghiencuuthuongmai.com.vn/,Hà Nội,,,
1013,"Viện Nghiên cứu Điện tử, Tin học, Tự động hoá",Viện nghiên cứu,Công lập,Bộ Công Thương,V02,"Vietnam Research Institute of Electronics, Informatics and Automation",https://www.vielina.com/,Hà Nội,,,
1014,Viện Nghiên cứu hải sản,Viện nghiên cứu,Công lập,Bộ Nông nghiệp và Phát triển nông thôn,V62,Research Institute for Marine Fisheries,http://rimf.org.vn/,Hải Phòng,,,
1016,Viện Nghiên cứu Nuôi trồng thuỷ sản I,Viện nghiên cứu,Công lập,Bộ Nông nghiệp và Phát triển nông thôn,VTS,Research Institute for Aquaculture No1,http://ria1.org,Bắc Ninh,,,
1017,Viện Nghiên cứu quản lý kinh tế Trung ương,Viện nghiên cứu,Công lập,Bộ Kế hoạch và Đầu tư,V18,Central Institute for Economic Management (CIEM),http://www.ciem.org.vn/,Hà Nội,,,
1018,Viện Pasteur Thành phố Hồ Chí Minh,Viện nghiên cứu,Công lập,Bộ Y tế,V26,Pasteur Institute in Ho Chi Minh City,http://www.pasteurhcm.gov.vn/,TP. Hồ Chí Minh,,,
1019,Viện Sốt rét - Ký sinh trùng - Côn trùng Trung ương,Viện nghiên cứu,Công lập,Bộ Y tế,V25,National Instutte of Malariology Parasitology and Entomology,http://nimpe.vn/,Hà Nội,,,
1020,Viện Sức khoẻ nghề nghiệp và môi trường,Viện nghiên cứu,Công lập,Bộ Y tế,VYL,National Institute of Occupational and Environmental Health,http://www.nioeh.org.vn/,Hà Nội,,,
1022,Viện Toán học,Viện nghiên cứu,Công lập,Viện Hàn lâm Khoa học và Công nghệ Việt Nam,V59,Institute of Mathematics,http://math.ac.vn/,Hà Nội,,,
1021,Viện Thú y,Viện nghiên cứu,Công lập,Bộ Nông nghiệp và Phát triển nông thôn,VTY,National Institute of Veterinary Research,http://vienthuy.gov.vn,Hà Nội,,,
1023,Viện Ứng dụng Công nghệ,Viện nghiên cứu,Công lập,Bộ Khoa học và Công nghệ,VUD,National Center for Technology Progress,http://nacentech.vn/,Hà Nội,,,
1024,Viện Văn hoá Nghệ thuật quốc gia Việt Nam,Viện nghiên cứu,Công lập,"Bộ Văn hóa, Thể thao và Du lịch",V45,Vietnam National Institute of Culture and Arts Studies,www.vicas.org.vn,Hà Nội,,,
1025,Viện Vệ sinh Dịch tễ Trung ương,Viện nghiên cứu,Công lập,Bộ Y tế,V27,National Institute of Hygiene and Epidemiology,https://nihe.org.vn/,Hà Nội,,,
